{
  "name": "infused-science-forked-again",
  "version": "1.1.90",
  "title": "Infused Science (forked)",
  "author": "PTx86",
  "description": "Forked version of mod again, updated to 1.1. Adds an infused version of every (even modded) science pack, which every infinite technology will require. Infused versions are made by combining the original with space science pack and some raw resources. This increases complexity and cost of endgame research. Inspired by More Science mod. Thanks to user dave99 on the code insight as im still new to LUA.",
  "factorio_version": "1.1",
  "dependencies":
  [
    "base >= 1.1",
    "?AlienSpaceScience >= 1.0.0",
    "?one-more-tier >= 1.0.4",
    "!MoreScience"
  ]
}
